brand,post_url,comment_text,commenter_username,comment_likes
zivalagos,https://www.instagram.com/p/DXMTmicjPy2/,😍,aidonojie,0.0
zivalagos,https://www.instagram.com/p/DXMTmicjPy2/,☺️🌺💯,fashioncontentinterest,0.0
zivalagos,https://www.instagram.com/p/DXMTmicjPy2/,😍😍😍,thegardenersdota,0.0
zivalagos,https://www.instagram.com/p/DYM3KIABhOZ/,😍😍😍,thegardenersdota,0.0
zivalagos,https://www.instagram.com/p/DYM3KIABhOZ/,Finally 🥳🥳🥳,taniaomotayo,0.0
zivalagos,https://www.instagram.com/p/DYM3KIABhOZ/,😍😍,ritzadornments,0.0
zivalagos,https://www.instagram.com/p/DYM3KIABhOZ/,Welcome back amongst us beautiful green mesh dress😊💚🩵,fashioncontentinterest,0.0
zivalagos,https://www.instagram.com/p/DYM3KIABhOZ/,😍😍😍,ziva.kids,1.0
zivalagos,https://www.instagram.com/p/DYM3KIABhOZ/,😍😍,aidonojie,0.0
taniaomotayo,https://www.instagram.com/p/DYC-sIFDKqP/,Just applied through email 🫶🏽,_enieh_,0.0
taniaomotayo,https://www.instagram.com/p/DYC-sIFDKqP/,I'm not up to size 10. But are you really sure you don't want my size 😭😭. I'm still gonna shoot my shot btw 🥹,perpetual.akhim,0.0
taniaomotayo,https://www.instagram.com/p/DYC-sIFDKqP/,Unable to send media via dm,saffffeyah,0.0
zivalagos,https://www.instagram.com/p/DX__t1KsIS4/,Will this be restocked,moronkedarling,0.0
zivalagos,https://www.instagram.com/p/DX__t1KsIS4/,😍😍,aidonojie,0.0
zivalagos,https://www.instagram.com/p/DX__t1KsIS4/,Very beautiful outfit 😊🔥🩵 I like it a lot,fashioncontentinterest,0.0
zivalagos,https://www.instagram.com/p/DX__t1KsIS4/,😍,lekeshotit,0.0
zivalagos,https://www.instagram.com/p/DX__t1KsIS4/,💙💙💙,thegardenersdota,0.0
zivalagos,https://www.instagram.com/p/DX__t1KsIS4/,😍😍😍,thegardenersdota,0.0
ashluxe,https://www.instagram.com/p/DWt8eHKF13d/,This feels like a proper editorial 🔥,innocent_ndibe,0.0
ashluxe,https://www.instagram.com/p/DWt8eHKF13d/,❤️,thefashionblackboy,0.0
ashluxe,https://www.instagram.com/p/DWt8eHKF13d/,"@ashluxe Hi Ashluxe 
My name is Olamide, a lifestyle host and content creator with a growing platform focused on culture, fashion, and real conversations.
Your brands as been a big motivation for me and I really like your aesthetic it aligns with my style and the kind of image I represent. I’m currently open to modeling and content collaborations with fashion brands, and I believe I’d be a strong fit for your pieces.
Beyond modeling, I also create engaging content that gives brands added visibility and connects them to a wider audience
I’d love to collaborate with you if you’re open to it. I can share my portfolio and previous work on request.
Best regards,
Pizzleberry",yalkswithpb,1.0
ashluxe,https://www.instagram.com/p/DWt8eHKF13d/,World Dominance!,lanrescorner,0.0
ashluxe,https://www.instagram.com/p/DWt8eHKF13d/,🔥🙌,worldref_vii,0.0
ashluxe,https://www.instagram.com/p/DWjmq9Ul1AU/,🔥🔥🔥🔥🔥🔥🔥🔥,queendarerah,0.0
ashluxe,https://www.instagram.com/p/DWjmq9Ul1AU/,Ashluxe in jet and Red!,lanrescorner,0.0
ashluxe,https://www.instagram.com/p/DWhBKVLl2zf/,Ashluxe steady killing it❤️,lanrescorner,0.0
ashluxe,https://www.instagram.com/p/DWhBKVLl2zf/,❤️,thefashionblackboy,0.0
ashluxe,https://www.instagram.com/p/DWb54DMl7wK/,Why 🔥,ayoade_brands,0.0
ashluxe,https://www.instagram.com/p/DWb54DMl7wK/,This is too Cold!! Ash take it easyy,lanrescorner,0.0
ashluxe,https://www.instagram.com/p/DWb54DMl7wK/,🔥🔥🔥,supreeme7777777,0.0
ashluxe,https://www.instagram.com/p/DWmMGcPl0fK/,Nice,tobechukwuasika,0.0
ashluxe,https://www.instagram.com/p/DWmMGcPl0fK/,😍😍😍,daimondgiftgift,0.0
ashluxe,https://www.instagram.com/p/DWmMGcPl0fK/,I could do better 😮,laredopage,0.0
ashluxe,https://www.instagram.com/p/DWmMGcPl0fK/,@laura.iikkanen 🥹,laura.iikkanen,1.0
ashluxe,https://www.instagram.com/p/DWmMGcPl0fK/,@chocolatebrother_ I see you 🥵,laura.iikkanen,1.0
ashluxe,https://www.instagram.com/p/DWmMGcPl0fK/,Man let me model for you 😢,samueloluwanifemi100,0.0
ashluxe,https://www.instagram.com/p/DWmMGcPl0fK/,Strictly Gentleman culture,lanrescorner,0.0
zivalagos,https://www.instagram.com/p/DYHckbMsxIX/,The top 🔥🔥❤️,thelifewithoma,0.0
zivalagos,https://www.instagram.com/p/DYHckbMsxIX/,so beautiful 😍😍,_m.i.r.a.n.d,0.0
zivalagos,https://www.instagram.com/p/DYHckbMsxIX/,@aidonojie 🤭🤭,aidonojie,1.0
zivalagos,https://www.instagram.com/p/DYHckbMsxIX/,😍😍,aidonojie,1.0
zivalagos,https://www.instagram.com/p/DYHckbMsxIX/,😍😍😍,thegardenersdota,1.0
zivalagos,https://www.instagram.com/p/DYHckbMsxIX/,🤭🤭don’t forget to shop yours!,thegardenersdota,1.0
zivalagos,https://www.instagram.com/p/DYHckbMsxIX/,😍😍😍,thegardenersdota,1.0
zivalagos,https://www.instagram.com/p/DYHckbMsxIX/,@fashioncontentinterest ❤️❤️,fashioncontentinterest,1.0
zivalagos,https://www.instagram.com/p/DYHckbMsxIX/,Very beautiful 😊💯🔥,fashioncontentinterest,1.0
ashluxe,https://www.instagram.com/p/DWzFFl1lxDv/,🔥 love this campaign,k_markaryan,1.0
ashluxe,https://www.instagram.com/p/DWzFFl1lxDv/,💪🏾🥂🇳🇬,sonofstmary,2.0
ashluxe,https://www.instagram.com/p/DWzFFl1lxDv/,"Highest,biggest ❤️🔥",jnr2xhim,1.0
ashluxe,https://www.instagram.com/p/DWzFFl1lxDv/,Nobody classic!,lanrescorner,1.0
ashluxe,https://www.instagram.com/p/DWzFFl1lxDv/,🇳🇬highest,slyoriginals,1.0
ashluxe,https://www.instagram.com/p/DWzFFl1lxDv/,@k_markaryan thank you!,yinkaash,0.0
ashluxe,https://www.instagram.com/p/DW_uJxwOwai/,Clock it,perpetuauzoamakaudeh,0.0
ashluxe,https://www.instagram.com/p/DW_uJxwOwai/,Nice,aubreybosslife,0.0
ashluxe,https://www.instagram.com/p/DW_uJxwOwai/,🔥🔥🔥🔥🔥🔥,asewagospel,0.0
ashluxe,https://www.instagram.com/p/DW_uJxwOwai/,👏👏👏,teedjs__,1.0
ashluxe,https://www.instagram.com/p/DXM0KTxF9Pw/,"Dear Ashluxe 

My name is Ayoade, and I’m a growing streetwear and fashion content creator with a strong passion for storytelling through fashion content.

I create clean, engaging, and consistent content that helps showcase the identity and energy behind each collection in a natural and stylish way. My goal is not just to promote clothing, but to create content that connects with audiences and brings more visibility to brands.

I truly admire your brand and would love the opportunity to collaborate and create content featuring your pieces.

Thank you for your time, and I look forward to hearing from you.

Kind regards,
Ayoade",ayoade_brands,0.0
ashluxe,https://www.instagram.com/p/DXM0KTxF9Pw/,🔥🔥,manychoice2026,0.0
ashluxe,https://www.instagram.com/p/DXM0KTxF9Pw/,Ash to classy all time 🙌🔥🔥,mohammedolatomiwa,0.0
ashluxe,https://www.instagram.com/p/DXM0KTxF9Pw/,❤️,thefashionblackboy,0.0
ashluxe,https://www.instagram.com/p/DXM0KTxF9Pw/,Ash Denim 🤍🇳🇬,dewusiofficial,0.0
zivalagos,https://www.instagram.com/p/DYPOGGqs4C0/,Very beautiful dress😊💯🔥 I like it,fashioncontentinterest,0.0
zivalagos,https://www.instagram.com/p/DYPOGGqs4C0/,😍😍😍,thegardenersdota,0.0
zivalagos,https://www.instagram.com/p/DYPOGGqs4C0/,🔥🔥🔥,bambiatlshawty,0.0
zivalagos,https://www.instagram.com/p/DYPOGGqs4C0/,😍😍,aidonojie,0.0
ashluxe,https://www.instagram.com/p/DXKKhf-EndP/,🔥,thefashionblackboy,0.0
ashluxe,https://www.instagram.com/p/DXKKhf-EndP/,Beautiful 🙌,jodelsfashion,0.0
ashluxe,https://www.instagram.com/p/DXHkGyvl6Z5/,"Dear Ashluxe 

My name is Ayoade, and I’m a growing streetwear and fashion content creator with a strong passion for storytelling through fashion content.

I create clean, engaging, and consistent content that helps showcase the identity and energy behind each collection in a natural and stylish way. My goal is not just to promote clothing, but to create content that connects with audiences and brings more visibility to brands.

I truly admire your brand and would love the opportunity to collaborate and create content featuring your pieces.

Thank you for your time, and I look forward to hearing from you.

Kind regards,  @ashluxe 
Ayoade",ayoade_brands,0.0
ashluxe,https://www.instagram.com/p/DXHkGyvl6Z5/,😍,flyers_boi,0.0
ashluxe,https://www.instagram.com/p/DXHkGyvl6Z5/,❤️🙌,thefashionblackboy,0.0
ashluxe,https://www.instagram.com/p/DXHkGyvl6Z5/,Nailed this !!!! 😍,sabrinadateenagew1tch,0.0
ashluxe,https://www.instagram.com/p/DXHkGyvl6Z5/,That’s my girl friend 😍,fatihat.afolabi,0.0
ashluxe,https://www.instagram.com/p/DXHkGyvl6Z5/,@moonchildsanelly super fly,moonchildsanelly,1.0
ashluxe,https://www.instagram.com/p/DXHkGyvl6Z5/,Fly niecey🔥🔥🔥🔥🔥🔥🔥,moonchildsanelly,1.0
ashluxe,https://www.instagram.com/p/DXHkGyvl6Z5/,Hard asf 😢🔥🔥,mohammedolatomiwa,1.0
ashluxe,https://www.instagram.com/p/DXHkGyvl6Z5/,🔥🔥🔥,tayoiku,2.0
ashluxe,https://www.instagram.com/p/DXHkGyvl6Z5/,Step out in comfort and Luxury ✅,grrnaxun,1.0
zivalagos,https://www.instagram.com/p/DYCShoaMoEg/,That dress ❤️❤️❤️❤️,do_stores,0.0
zivalagos,https://www.instagram.com/p/DYCShoaMoEg/,😍😍,aidonojie,0.0
zivalagos,https://www.instagram.com/p/DYCShoaMoEg/,😍😍😍,thegardenersdota,0.0
zivalagos,https://www.instagram.com/p/DYCShoaMoEg/,Very beautiful dress☺️🌺🌸,fashioncontentinterest,0.0
zivalagos,https://www.instagram.com/p/DXto6glhHTj/,Superior ❤️,deposhjuice_ng,0.0
zivalagos,https://www.instagram.com/p/DXto6glhHTj/,🔥🔥,odunayo4366,0.0
zivalagos,https://www.instagram.com/p/DXto6glhHTj/,Wooooaaa 😃🔥🔥 Stunning black dress ! I like it a lot,fashioncontentinterest,0.0
zivalagos,https://www.instagram.com/p/DXto6glhHTj/,"A fave, after Milan 😍😍😍",thegardenersdota,0.0
zivalagos,https://www.instagram.com/p/DXto6glhHTj/,Oh my Goodness! 😍😍😍😍,thegardenersdota,0.0
zivalagos,https://www.instagram.com/p/DX1RAWgsR6r/,😍😍😍,thegardenersdota,0.0
zivalagos,https://www.instagram.com/p/DX1RAWgsR6r/,😍😍,aidonojie,0.0
zivalagos,https://www.instagram.com/p/DX1RAWgsR6r/,@fashioncontentinterest thank you ❤️,fashioncontentinterest,0.0
zivalagos,https://www.instagram.com/p/DX1RAWgsR6r/,@zivalagos You're welcome 🥰❤️,fashioncontentinterest,0.0
zivalagos,https://www.instagram.com/p/DX1RAWgsR6r/,This dress is very beautiful 😊💯🔥 Totally my style,fashioncontentinterest,0.0
zivalagos,https://www.instagram.com/p/DX1RAWgsR6r/,@zivalagos You're welcome 🥰❤️,fashioncontentinterest,0.0
zivalagos,https://www.instagram.com/p/DXwL2TnsGJ9/,😍😍😍😍 Mi what???? Milaaaaaaannn!,thegardenersdota,0.0
zivalagos,https://www.instagram.com/p/DXwL2TnsGJ9/,This is very beautiful 😊💯🔥 I like it a lot,fashioncontentinterest,0.0
zivalagos,https://www.instagram.com/p/DXwL2TnsGJ9/,😍😍,aidonojie,1.0
zivalagos,https://www.instagram.com/p/DXrEnyGjM2a/,🔥🔥🔥,rongxinpack,0.0
zivalagos,https://www.instagram.com/p/DXrEnyGjM2a/,I have the top u made with this fabric 😍,eat_pray_love_yeg,0.0
zivalagos,https://www.instagram.com/p/DXrEnyGjM2a/,Too gorgeous 😍,glownest.natutals,0.0
zivalagos,https://www.instagram.com/p/DXrEnyGjM2a/,😍😍😍😍,thegardenersdota,0.0
zivalagos,https://www.instagram.com/p/DXrEnyGjM2a/,Very beautiful in pink 🌺🌷😊,fashioncontentinterest,0.0
zivalagos,https://www.instagram.com/p/DXrEnyGjM2a/,😍😍,aidonojie,0.0
zivalagos,https://www.instagram.com/p/DX6gVJpspMd/,😍😍😍,thegardenersdota,0.0
zivalagos,https://www.instagram.com/p/DX6gVJpspMd/,Very beautiful dress😊💯🔥,fashioncontentinterest,0.0
zivalagos,https://www.instagram.com/p/DX6gVJpspMd/,😍😍,aidonojie,0.0
zivalagos,https://www.instagram.com/p/DX4QEnXMJHQ/,😍😍😍,thegardenersdota,0.0
wflsncrm,https://www.instagram.com/p/DUn8rRkDTiQ/,😂why mr biodun,gaiafarmstea,0.0
wflsncrm,https://www.instagram.com/p/DUn8rRkDTiQ/,"And I was about to go to Lagos 😩. Côte d'Ivoire, here I come. 💌",planete.elevene,1.0
wflsncrm,https://www.instagram.com/p/DUn8rRkDTiQ/,The voice 😍😍,henrys_son,0.0
wflsncrm,https://www.instagram.com/p/DUn8rRkDTiQ/,❤️,dis__is_fedora_,0.0
wflsncrm,https://www.instagram.com/p/DUn8rRkDTiQ/,Cream 😍,dr.mzee,0.0
wflsncrm,https://www.instagram.com/p/DUn8rRkDTiQ/,Big Money Lu😍,mz_dhermmie,0.0
wflsncrm,https://www.instagram.com/p/DUn8rRkDTiQ/,I DO Too Much>😂🔥,sedi22000,2.0
wflsncrm,https://www.instagram.com/p/DUn8rRkDTiQ/,@uwanaaanthony like mad,iyiajijola,0.0
wflsncrm,https://www.instagram.com/p/DUn8rRkDTiQ/,lu this is lowkey me sha. but i no dey cook or gym,iyiajijola,0.0
wflsncrm,https://www.instagram.com/p/DUn8rRkDTiQ/,Guys this shirt we need,theceej,0.0
wflsncrm,https://www.instagram.com/p/DUn79H6Db4F/,Shirt ⬆️,klax.ng,0.0
wflsncrm,https://www.instagram.com/p/DUn79H6Db4F/,"Adu is a simple guy 

True True 💯",walistic_2017,0.0
wflsncrm,https://www.instagram.com/p/DUn79H6Db4F/,Tolani o oooo😂,theavrgenaijaboy,0.0
wflsncrm,https://www.instagram.com/p/DUn79H6Db4F/,"My guy, Uncle T❤️",thesartists,1.0
wflsncrm,https://www.instagram.com/p/DUn79H6Db4F/,I’m screaming a lot ??? Mr Adu what have you seen in this life??,tomilij,1.0
wflsncrm,https://www.instagram.com/p/DUn79H6Db4F/,Hmmmmmm,0x616b696b69616f766965,0.0
wflsncrm,https://www.instagram.com/p/DUn79H6Db4F/,ADU!!,_d_rac.o_,0.0
wflsncrm,https://www.instagram.com/p/DUn79H6Db4F/,My manager 😍,e_luxruy12,0.0
wflsncrm,https://www.instagram.com/p/DUn79H6Db4F/,Omo,cephyo,0.0
wflsncrm,https://www.instagram.com/p/DUn9rAdjfQz/,@samuelkaizar I like to hear more from you 💯,mascotvisuals,0.0
wflsncrm,https://www.instagram.com/p/DUn9rAdjfQz/,Ziggggy,mascotvisuals,0.0
wflsncrm,https://www.instagram.com/p/DUn9rAdjfQz/,"No be lie… first time I met you, you exhibited the traits of loving your neighbour as you love your self. ❤️🙌🏾",directortari,0.0
wflsncrm,https://www.instagram.com/p/DUn9rAdjfQz/,"‘You could like something at first sight, but to say you love it, you need to give it some time’ - spot on 👌🏾",theartdairector,0.0
wflsncrm,https://www.instagram.com/p/DUn9rAdjfQz/,Wow who's this cool dude??,van_ella27,1.0
wflsncrm,https://www.instagram.com/p/DUn9rAdjfQz/,Ziggy Fresh,bvrna07,0.0
wflsncrm,https://www.instagram.com/p/DUn9rAdjfQz/,Kaiiiizzzaaaarrrr!!!,mazzieolacreative,0.0
wflsncrm,https://www.instagram.com/p/DUn9rAdjfQz/,Zigggggyyyyyg G,vxanimation,0.0
wflsncrm,https://www.instagram.com/p/DUn9rAdjfQz/,ZIGGY ❤️‍🔥,__statue,0.0
moyosore_somide,https://www.instagram.com/p/DX10IPBju9f/,So beautiful 😍😍😍,zivalagos,0.0
moyosore_somide,https://www.instagram.com/p/DX10IPBju9f/,@kallistyles_ca ☺️☺️☺️☺️,moyosore_somide,0.0
sessionskatemag,https://www.instagram.com/p/DUU8KFriBBf/,👏👏,barryvdijck,0.0
sessionskatemag,https://www.instagram.com/p/DUU8KFriBBf/,🔥🔥🔥 Nice,nalamlrahc_,0.0
sessionskatemag,https://www.instagram.com/p/DUU8KFriBBf/,Send me this post,usa_lifestyle__,0.0
sessionskatemag,https://www.instagram.com/p/DUU8KFriBBf/,Epic scenes 💚💚💚,cape_town_cannabis_guide,0.0
sessionskatemag,https://www.instagram.com/p/DUU8KFriBBf/,AMAZING 🤩 SEND ME THIS REEL_🎥,_travel.destination,0.0
sessionskatemag,https://www.instagram.com/p/DUU8KFriBBf/,🔥🔥,cull3n_sb,0.0
sessionskatemag,https://www.instagram.com/p/DUU8KFriBBf/,@saeed_waggie that hard flip so much steez 🔥,st_laurant,2.0
sessionskatemag,https://www.instagram.com/p/DUU8KFriBBf/,❤️,saeed_waggie,0.0
zivalagos,https://www.instagram.com/p/DXzM1E3M4ic/,😍😍😍,thegardenersdota,0.0
zivalagos,https://www.instagram.com/p/DXzM1E3M4ic/,😍😍,aidonojie,0.0
zivalagos,https://www.instagram.com/p/DXzM1E3M4ic/,Very beautiful 😊💯 🌺,fashioncontentinterest,0.0
wflsncrm,https://www.instagram.com/p/DUqob7vjdnT/,Top notch 🔥,klax.ng,0.0
wflsncrm,https://www.instagram.com/p/DUqob7vjdnT/,Val & Vlad 🔥❤️,9ja.brands,0.0
wflsncrm,https://www.instagram.com/p/DUqob7vjdnT/,Beautiful tees✨️,msheke_sheke_,0.0
wflsncrm,https://www.instagram.com/p/DUqob7vjdnT/,❤️❤️❤️,thriftinstuf,0.0
wflsncrm,https://www.instagram.com/p/DSi9zfACh3w/,Hello can u please check your dm..,shikinii_,0.0
wflsncrm,https://www.instagram.com/p/DSi9zfACh3w/,😍😍,mz_dhermmie,0.0
wflsncrm,https://www.instagram.com/p/DSi9zfACh3w/,🔥🔥🔥,danielbuezo,0.0
wflsncrm,https://www.instagram.com/p/DSi9zfACh3w/,😁,jamsandjelliess,0.0
wflsncrm,https://www.instagram.com/p/DSi9zfACh3w/,🔥🔥,flint.ng,0.0
wflsncrm,https://www.instagram.com/p/DSi9zfACh3w/,Wwwwwwwwss,vibesandorisirisi,0.0
wflsncrm,https://www.instagram.com/p/DSi9zfACh3w/,Sick!,2stepjenkins,0.0
wflsncrm,https://www.instagram.com/p/DSi9zfACh3w/,😍😍,teniola.ibrahimm,0.0
wflsncrm,https://www.instagram.com/p/DSi9zfACh3w/,❤️,thabo_makgahlela,0.0
wflsncrm,https://www.instagram.com/p/DSi9zfACh3w/,😍😍😍,la_vane_cph,0.0
wandalephoto,https://www.instagram.com/p/DRthUF9AuhC/,Phenomenal,maiv_lens,0.0
wandalephoto,https://www.instagram.com/p/DRthUF9AuhC/,I'm just imagining coming back to my house and I see this guy standing in front of it like this 😂,planete.elevene,0.0
wandalephoto,https://www.instagram.com/p/DRthUF9AuhC/,😍😍😍,amarenns,0.0
wandalephoto,https://www.instagram.com/p/DRthUF9AuhC/,Yup,shomadjozi,0.0
wandalephoto,https://www.instagram.com/p/DRthUF9AuhC/,Genius 🔥❤️,dominiquekosakosa,0.0
wandalephoto,https://www.instagram.com/p/DRthUF9AuhC/,Ahaa,unclepartytime_,0.0
wandalephoto,https://www.instagram.com/p/DRthUF9AuhC/,ahhhh @aman._asf 🥳🥳🥹,jpeg.racheltamara,1.0
wandalephoto,https://www.instagram.com/p/DRthUF9AuhC/,😭😭😭🔥🔥,mushroombaggy,0.0
wandalephoto,https://www.instagram.com/p/DRthUF9AuhC/,👌🏾😍,luicorn_,0.0
wandalephoto,https://www.instagram.com/p/DRthUF9AuhC/,👑,moeazy,0.0
wflsncrm,https://www.instagram.com/p/DUoBB2zjU1j/,❤️,sokuxretr0,0.0
wflsncrm,https://www.instagram.com/p/DUoBB2zjU1j/,Too Cutee ❤️,banz_gram,0.0
wflsncrm,https://www.instagram.com/p/DUoBB2zjU1j/,❤️,adedola_po,0.0
wflsncrm,https://www.instagram.com/p/DUoBB2zjU1j/,🔥🔥,radar_lagos,0.0
wflsncrm,https://www.instagram.com/p/DUoBB2zjU1j/,🔥🔥🔥🔥,ricky_davinci,0.0
wflsncrm,https://www.instagram.com/p/DUoBB2zjU1j/,the ghetto 😭😭,thato.moet,0.0
wflsncrm,https://www.instagram.com/p/DUoBB2zjU1j/,Awwn ❤️,dis__is_fedora_,0.0
wflsncrm,https://www.instagram.com/p/DUoBB2zjU1j/,I like her ♥️,rabi_vic,0.0
wflsncrm,https://www.instagram.com/p/DUoBB2zjU1j/,Wwwwwwwwwwssss,vibesandorisirisi,0.0
wflsncrm,https://www.instagram.com/p/DUoBB2zjU1j/,a lover and a fighter appaz,ghostwritermel,0.0
wflsncrm,https://www.instagram.com/p/DWqhovkDZ5A/,Whooop!! Congrats!! Can’t wait to fully have you in NAIROBI,rui.world,0.0
wflsncrm,https://www.instagram.com/p/DWqhovkDZ5A/,🩶,olamideaolowe,0.0
wflsncrm,https://www.instagram.com/p/DWqhovkDZ5A/,Happy waf day!❤️,theavrgenaijaboy,0.0
wflsncrm,https://www.instagram.com/p/DWqhovkDZ5A/,We Love WAF for Lifetime Achievement and Excellence forever.🙌🙌❤️❤️❤️,gpsurfing,0.0
wflsncrm,https://www.instagram.com/p/DWqhovkDZ5A/,🎉🎉🎉,teniola.ibrahimm,0.0
wflsncrm,https://www.instagram.com/p/DWqhovkDZ5A/,Dammmnnnn,ifeellikeverdcho,0.0
wflsncrm,https://www.instagram.com/p/DWqhovkDZ5A/,consistency 📈,orezzzy,0.0
wflsncrm,https://www.instagram.com/p/DWqhovkDZ5A/,Amen,chiefosv_,0.0
wflsncrm,https://www.instagram.com/p/DWqhovkDZ5A/,Happy Waf day❤️🎉,deborah_jayde,0.0
wflsncrm,https://www.instagram.com/p/DWqhovkDZ5A/,🌟✨,kagiso_leburu,0.0
ashluxe,https://www.instagram.com/p/DWRmUBNEhf6/,🔥🔥,brtooofficial,0.0
ashluxe,https://www.instagram.com/p/DWRmUBNEhf6/,🔥,deji__sam,0.0
ashluxe,https://www.instagram.com/p/DWRmUBNEhf6/,🔥🔥🔥,hortun507,0.0
ashluxe,https://www.instagram.com/p/DWRmUBNEhf6/,We’re sat ❤️,uf.diamond,0.0
ashluxe,https://www.instagram.com/p/DWRmUBNEhf6/,🔥🔥🔥,only_tomison,0.0
ashluxe,https://www.instagram.com/p/DWRmUBNEhf6/,🔥🔥🔥🔥🔥,olurambo,0.0
ashluxe,https://www.instagram.com/p/DWRmUBNEhf6/,Needs to be televised 🔥,ahmed.mosh,2.0
ashluxe,https://www.instagram.com/p/DWRmUBNEhf6/,🔥🔥🔥,bulus_blessing,0.0
ashluxe,https://www.instagram.com/p/DWRmUBNEhf6/,@ashluxe  I am really in love with all your piece and one day I will like to work for you,ayoade_brands,0.0
ashluxe,https://www.instagram.com/p/DWRmUBNEhf6/,The Blueprint !!!,dammyjnr__,0.0
ashluxe,https://www.instagram.com/p/DWCFxtiEteB/,A lil touch 🔥,thrashmhaster,0.0
ashluxe,https://www.instagram.com/p/DWCFxtiEteB/,Ash always Delivering with stunning colors!,lanrescorner,0.0
ashluxe,https://www.instagram.com/p/DV_dLuZEkSk/,❤️❤️❤️❤️❤️,j.anyanzo,0.0
ashluxe,https://www.instagram.com/p/DV_dLuZEkSk/,Really sick ❤️,that_aggressive.guy,0.0
ashluxe,https://www.instagram.com/p/DV_dLuZEkSk/,@ashluxe you know I love you right? I will really like to work for you,ayoade_brands,0.0
ashluxe,https://www.instagram.com/p/DV_dLuZEkSk/,Good $tuff,thrashmhaster,0.0
ashluxe,https://www.instagram.com/p/DV_dLuZEkSk/,🔥🔥,shimaofbenue,0.0
ashluxe,https://www.instagram.com/p/DV_dLuZEkSk/,🔥🔥,worldref_vii,0.0
ashluxe,https://www.instagram.com/p/DV_dLuZEkSk/,"Even when ash Goes plain, It’s still stylish!",lanrescorner,0.0
ashluxe,https://www.instagram.com/p/DV_dLuZEkSk/,Just dey cook dey go🔥,craft_by_dee_001,0.0
ashluxe,https://www.instagram.com/p/DV_dLuZEkSk/,Ashluxe = no mediocre shit,craft_by_dee_001,0.0
ashluxe,https://www.instagram.com/p/DV_dLuZEkSk/,🔥🔥🔥🔥,d.dotuun,0.0
wflsncrm,https://www.instagram.com/p/DRrb4jPDc9T/,🔥🔥🔥,debright_jewerly,1.0
wflsncrm,https://www.instagram.com/p/DRrb4jPDc9T/,West African Fashion,0lwrwl,0.0
wflsncrm,https://www.instagram.com/p/DRrb4jPDc9T/,🧇🍨,moeazy,1.0
wflsncrm,https://www.instagram.com/p/DRrb4jPDc9T/,Eishhhhhh,_laboomz,1.0
ashluxe,https://www.instagram.com/p/DWUODxkEumV/,Manor story keeps movinggg,lanrescorner,0.0
ashluxe,https://www.instagram.com/p/DWUODxkEumV/,🔥🔥🔥,ndinawezambia,0.0
ashluxe,https://www.instagram.com/p/DWUODxkEumV/,Well!!!🔥🔥🔥🔥🔥,queendarerah,0.0
ashluxe,https://www.instagram.com/p/DWUODxkEumV/,🔥🔥🔥🔥,gloryyjohn,0.0
ashluxe,https://www.instagram.com/p/DWUODxkEumV/,🐐🐐,eddie3dwards,0.0
ashluxe,https://www.instagram.com/p/DWUODxkEumV/,The best 🚀,abi.izam,0.0
ashluxe,https://www.instagram.com/p/DWUODxkEumV/,🔥,official_eswag,0.0
ashluxe,https://www.instagram.com/p/DWUODxkEumV/,Stormy ❤️,ayoade_brands,0.0
ashluxe,https://www.instagram.com/p/DWUODxkEumV/,W Ashluxe,oluwatomi.wb,0.0
ashluxe,https://www.instagram.com/p/DWUODxkEumV/,🔥🔥🔥Typical of the #ASH way. Let’s go!!!,bulus_blessing,0.0
ashluxe,https://www.instagram.com/p/DWWx0P6kjRF/,🔥🔥🔥👏👏👏,hettygarba,0.0
ashluxe,https://www.instagram.com/p/DWWx0P6kjRF/,🔥🔥,lase.oh,0.0
ashluxe,https://www.instagram.com/p/DWWx0P6kjRF/,😮‍💨😮‍💨😮‍💨,laura_liiving,0.0
ashluxe,https://www.instagram.com/p/DWWx0P6kjRF/,🔥🔥🔥🔥,lawyjaguar,0.0
ashluxe,https://www.instagram.com/p/DWWx0P6kjRF/,🔥,ciao.anny,0.0
ashluxe,https://www.instagram.com/p/DWWx0P6kjRF/,For the elite 🔥🙌,damask_drumz,0.0
ashluxe,https://www.instagram.com/p/DWWx0P6kjRF/,We're not yet ready for the powerful Duo,marmila_sommy,1.0
ashluxe,https://www.instagram.com/p/DWWx0P6kjRF/,I love this 😍,marmila_sommy,0.0
ashluxe,https://www.instagram.com/p/DWWx0P6kjRF/,🔥😍😍,berny_ice,0.0
ashluxe,https://www.instagram.com/p/DWWx0P6kjRF/,🔥,tobiloba_famutimi,0.0
ashluxe,https://www.instagram.com/p/DWJxe4-l_E0/,❤️,thefashionblackboy,0.0
ashluxe,https://www.instagram.com/p/DWJxe4-l_E0/,❤️🔥,dreamcityxo,0.0
ashluxe,https://www.instagram.com/p/DWJxe4-l_E0/,"You say perfection , another word for perfection plz guys",ayoade_brands,0.0
ashluxe,https://www.instagram.com/p/DWJxe4-l_E0/,🔥🔥🔥,worldref_vii,0.0
ashluxe,https://www.instagram.com/p/DWJxe4-l_E0/,Nothing is beating Ashluxe color matching and bold steps. BEST IN THE GAME,lanrescorner,1.0
ashluxe,https://www.instagram.com/p/DWJxe4-l_E0/,A piece of Perfection 💯❤️,heis_josh99,0.0
zivalagos,https://www.instagram.com/p/DYKPzR3MDDg/,💜💜💜💜,styleishmariab,0.0
zivalagos,https://www.instagram.com/p/DYKPzR3MDDg/,Lovely ladies 😍😍😍😍,bambiatlshawty,0.0
zivalagos,https://www.instagram.com/p/DYKPzR3MDDg/,😍😍😍,thegardenersdota,0.0
zivalagos,https://www.instagram.com/p/DYKPzR3MDDg/,👏👏,aidonojie,0.0
zivalagos,https://www.instagram.com/p/DYKPzR3MDDg/,I agree That those are beautiful 😊💯🔥,fashioncontentinterest,0.0
zivalagos,https://www.instagram.com/p/DYH0V4NsVt9/,❤️❤️❤️,thelifewithoma,0.0
zivalagos,https://www.instagram.com/p/DYH0V4NsVt9/,Wooaa 😃💯 stunning !! I like those a lot,fashioncontentinterest,0.0
zivalagos,https://www.instagram.com/p/DYH0V4NsVt9/,🤗🤗we’ve got you!,thegardenersdota,1.0
zivalagos,https://www.instagram.com/p/DYH0V4NsVt9/,😍😍😍 Patterns,thegardenersdota,1.0
zivalagos,https://www.instagram.com/p/DYH0V4NsVt9/,@aidonojie 🤭🤭,aidonojie,1.0
zivalagos,https://www.instagram.com/p/DYH0V4NsVt9/,👏👏,aidonojie,1.0
wflsncrm,https://www.instagram.com/p/DUoLSTUDW8k/,Did she lie?,chimamakaimmaculate,0.0
wflsncrm,https://www.instagram.com/p/DUoLSTUDW8k/,🔥,walistic_2017,0.0
wflsncrm,https://www.instagram.com/p/DUoLSTUDW8k/,"Opueh +izzy= opizzy😂
What's her @?",ia.ammm,1.0
wflsncrm,https://www.instagram.com/p/DUoLSTUDW8k/,📌hottest rapper in Lagos,gracia.maureeen,0.0
wflsncrm,https://www.instagram.com/p/DUoLSTUDW8k/,Omo these dark skin niggas sef,o.allen._,0.0
wflsncrm,https://www.instagram.com/p/DUoLSTUDW8k/,She didn’t lie about the dating culture in lagos actually 😂❤️,ama__xoo,1.0
wflsncrm,https://www.instagram.com/p/DUoLSTUDW8k/,i’m a fan,s5idneyo,0.0
wflsncrm,https://www.instagram.com/p/DUoLSTUDW8k/,i love you,s5idneyo,0.0
wflsncrm,https://www.instagram.com/p/DUoLSTUDW8k/,This my younger sister ehnnn... @jem1yotan 😂😂😂,official_evelynjohn,0.0
wflsncrm,https://www.instagram.com/p/DUoLSTUDW8k/,Vibe!!,king.fawaz_,0.0
zivalagos,https://www.instagram.com/p/DYE3qySsDlV/,😍😍,aidonojie,1.0
zivalagos,https://www.instagram.com/p/DYE3qySsDlV/,🤭🤭🤭,thegardenersdota,1.0
zivalagos,https://www.instagram.com/p/DYE3qySsDlV/,😍😍😍,thegardenersdota,1.0
zivalagos,https://www.instagram.com/p/DYE3qySsDlV/,@fashioncontentinterest ❤️,fashioncontentinterest,1.0
zivalagos,https://www.instagram.com/p/DYE3qySsDlV/,@zivalagos 😍💋❤️,fashioncontentinterest,1.0
zivalagos,https://www.instagram.com/p/DYE3qySsDlV/,This is very beautiful 😊💯🔥 I like it a lot,fashioncontentinterest,1.0
zivalagos,https://www.instagram.com/p/DYE3qySsDlV/,🤭🤭🤭,zivalagos,1.0
zivalagos,https://www.instagram.com/p/DYE3qySsDlV/,@zivalagos 😍💋❤️,fashioncontentinterest,0.0
veekeejames_official,https://www.instagram.com/p/DYIm3HyiThF/,The structure of this piece gives it such a commanding elegance.🔥,maiv_lens,0.0
veekeejames_official,https://www.instagram.com/p/DYIm3HyiThF/,🔥🔥🔥❤️❤️❤️❤️,determineforever,0.0
veekeejames_official,https://www.instagram.com/p/DYIm3HyiThF/,@msmetics 🔥🔥🔥,_she_is_limah,0.0
veekeejames_official,https://www.instagram.com/p/DYIm3HyiThF/,So gorgeous 🔥,_she_is_limah,0.0
veekeejames_official,https://www.instagram.com/p/DYIm3HyiThF/,"Thank you, mamaaaaaaaa❤️🔥🔥🔥❤️",_she_is_limah,0.0
veekeejames_official,https://www.instagram.com/p/DYIm3HyiThF/,Eye lash ke take your garden not flowers momma😍,chy_graceo,0.0
veekeejames_official,https://www.instagram.com/p/DYIm3HyiThF/,Love ittttt😍,modishbyrenee,0.0
veekeejames_official,https://www.instagram.com/p/DYIm3HyiThF/,You brag differently 😍😍😍😍😍,modishbyrenee,0.0
veekeejames_official,https://www.instagram.com/p/DYIm3HyiThF/,👏👏👏,official_jessita.jakpa,0.0
veekeejames_official,https://www.instagram.com/p/DYIm3HyiThF/,Perfect,thedukeofscentsandbeauty,0.0
veekee_james,https://www.instagram.com/p/DVy5M_Bj0Ac/,🔥,emmihunters,0.0
veekee_james,https://www.instagram.com/p/DVy5M_Bj0Ac/,“Go to my source” 😭😭😭,kumba.7,0.0
veekee_james,https://www.instagram.com/p/DVy5M_Bj0Ac/,"You're so blessed ma'am , the dress is on another level so the scale cannot carry it🔥🔥🔥🔥 👏👏👏👏",beauty.8195,0.0
veekee_james,https://www.instagram.com/p/DVy5M_Bj0Ac/,100 over 100,chubbythelma,0.0
veekee_james,https://www.instagram.com/p/DVy5M_Bj0Ac/,💯,doyinsolabae,0.0
veekee_james,https://www.instagram.com/p/DVy5M_Bj0Ac/,10/10,ehigiator.helen,0.0
veekee_james,https://www.instagram.com/p/DVy5M_Bj0Ac/,❤️❤️❤️❤️,cocobbean1414,0.0
veekee_james,https://www.instagram.com/p/DVy5M_Bj0Ac/,"The dress was heavier than the scale, the scale broke! So we call it a  Master piece",efpydesigns,0.0
veekee_james,https://www.instagram.com/p/DVy5M_Bj0Ac/,Brand🙌🔥❤️,bestmoiselle_,0.0
veekee_james,https://www.instagram.com/p/DVy5M_Bj0Ac/,11🔥,nataliaacarlota,0.0
veekeejames_official,https://www.instagram.com/p/DV3vU_4kc9o/,So beautiful ❤️,mercyedokpayi123,0.0
veekeejames_official,https://www.instagram.com/p/DV3vU_4kc9o/,Phenomenal,maiv_lens,0.0
veekeejames_official,https://www.instagram.com/p/DV3vU_4kc9o/,🔥🔥🔥🔥,chaneltheestylist,0.0
veekeejames_official,https://www.instagram.com/p/DV3vU_4kc9o/,Waw amazing,naaray_beauty_salon1,0.0
veekeejames_official,https://www.instagram.com/p/DV3vU_4kc9o/,Vickeeeeeeeeee🔥🔥🔥🔥🔥🔥,magdaleneisoken,0.0
veekeejames_official,https://www.instagram.com/p/DV3vU_4kc9o/,❤️❤️❤️❤️❤️🔥,chizzycynthia1,0.0
veekeejames_official,https://www.instagram.com/p/DV3vU_4kc9o/,Veekee your hands are blessed 😍😍😍,elglochi,0.0
veekeejames_official,https://www.instagram.com/p/DV3vU_4kc9o/,"Hats off the the designer, wonderful piece . 😍👏🔥❤️",bre_na_brena,0.0
veekeejames_official,https://www.instagram.com/p/DV3vU_4kc9o/,Beautiful,sh.ade2954,0.0
ashluxe,https://www.instagram.com/p/DWHPPd-l-BB/,The calmness of that tee is crazy 🔥🔥,elite1.ng,0.0
ashluxe,https://www.instagram.com/p/DWHPPd-l-BB/,🔥🔥,tayoiku,0.0
ashluxe,https://www.instagram.com/p/DWHPPd-l-BB/,Dope ❤️,ayoade_brands,0.0
ashluxe,https://www.instagram.com/p/DWHPPd-l-BB/,🔥🔥,iamtracyjanet,0.0
ashluxe,https://www.instagram.com/p/DWHPPd-l-BB/,Ash conquering the world. From Naija to SA,lanrescorner,0.0
ashluxe,https://www.instagram.com/p/DWHPPd-l-BB/,🔥🔥,worldref_vii,0.0
ashluxe,https://www.instagram.com/p/DWHPPd-l-BB/,No room for mediocre shit here,craft_by_dee_001,0.0
officialosas,https://www.instagram.com/p/DYHZRN9DFZG/,This is the best of them all also looks simple,ugo91026,0.0
officialosas,https://www.instagram.com/p/DYHZRN9DFZG/,😍😍😍living Art,iambuchigold,0.0
officialosas,https://www.instagram.com/p/DYHZRN9DFZG/,❤️❤️🔥,princessdanita1995,0.0
officialosas,https://www.instagram.com/p/DYHZRN9DFZG/,👌,ricky____1,0.0
officialosas,https://www.instagram.com/p/DYHZRN9DFZG/,❤️❤️❤️🔥🔥🔥,lord_0f_demons,0.0
officialosas,https://www.instagram.com/p/DYHZRN9DFZG/,"❤️❤️❤️ super gorgeous,, VJ to the world 🌎",stellinaulumma,0.0
officialosas,https://www.instagram.com/p/DYHZRN9DFZG/,😍😍🔥,loluuuu___,0.0
officialosas,https://www.instagram.com/p/DYHZRN9DFZG/,😍😍,unyimeecho,0.0
officialosas,https://www.instagram.com/p/DYHZRN9DFZG/,🔥🔥🔥🔥,iam_estizzy,0.0
officialosas,https://www.instagram.com/p/DYHZRN9DFZG/,❤️❤️❤️,officialmartinmgba,0.0
wflsncrm,https://www.instagram.com/p/DOmLe9ujUDD/,Amen,thriftinstuf,0.0
wflsncrm,https://www.instagram.com/p/DOmLe9ujUDD/,looks like he’s about to surf on a skateboard😂😂🔥,_sl.ota__,0.0
wflsncrm,https://www.instagram.com/p/DOmLe9ujUDD/,Amen,chiefadigo_,1.0
wflsncrm,https://www.instagram.com/p/DOmLe9ujUDD/,shot by @tolaniadu and edited by @bzh0p,bzh0p,5.0
wflsncrm,https://www.instagram.com/p/DOmLe9ujUDD/,edited by @bzh0p,paullovesart,2.0
wflsncrm,https://www.instagram.com/p/DOmLe9ujUDD/,Dreams,itz_jogabonito,0.0
wflsncrm,https://www.instagram.com/p/DOmLe9ujUDD/,Tour dates???,donaldngige,0.0
veekee_james,https://www.instagram.com/p/DYITiEvD1Kx/,🔥🔥🔥🔥,limapearl_limapearl,0.0
veekee_james,https://www.instagram.com/p/DYITiEvD1Kx/,THE QUEEN OF CREATIVITY ❤️❤️,mimi_tallie20,0.0
veekee_james,https://www.instagram.com/p/DYITiEvD1Kx/,😍😍😍,kem.7304,0.0
veekee_james,https://www.instagram.com/p/DYITiEvD1Kx/,So perfect,skylar_exclusive_kitchen,0.0
veekee_james,https://www.instagram.com/p/DYITiEvD1Kx/,To think it was diamond she wore 😫😫❤️❤️,xo_s.o.p.h.s,0.0
veekee_james,https://www.instagram.com/p/DYITiEvD1Kx/,❤️,belleosei11,0.0
veekee_james,https://www.instagram.com/p/DYITiEvD1Kx/,🔥🔥🔥🔥🔥🔥,pyso26,0.0
veekee_james,https://www.instagram.com/p/DYITiEvD1Kx/,This is 🔥🔥🔥🔥🙌🙌,nneka.okoh.7,0.0
veekee_james,https://www.instagram.com/p/DYITiEvD1Kx/,😍😍😍😍😍,beauty.drift,0.0
veekee_james,https://www.instagram.com/p/DYITiEvD1Kx/,Amazing,lynthebosslady,0.0
pithafrica,https://www.instagram.com/p/DPoFI_kCPDi/,🔥🔥🔥,cape_town_cannabis_guide,1.0
pithafrica,https://www.instagram.com/p/DPoFI_kCPDi/,🌟🌟🌟,alien8.ke,0.0
pithafrica,https://www.instagram.com/p/DPoFI_kCPDi/,Looks cool,jin.maya30,0.0
pithafrica,https://www.instagram.com/p/DPoFI_kCPDi/,⭐️,designxchidi,0.0
pithafrica,https://www.instagram.com/p/DPoFI_kCPDi/,👏👏👏,mattiin__,0.0
pithafrica,https://www.instagram.com/p/DPoFI_kCPDi/,🔥🔥🔥🔥🔥🔥,kutlwanoolaotsemochware,0.0
pithafrica,https://www.instagram.com/p/DPoFI_kCPDi/,🦅🦅🦅,uslickforever,1.0
officialosas,https://www.instagram.com/p/DYIQ2WtDEH0/,Wow 🥺🥺,g.e.n.n.i.e,0.0
officialosas,https://www.instagram.com/p/DYIQ2WtDEH0/,Osas❤️‍🔥🔥🔥🔥🔥🔥,thatgurlkatherine,0.0
officialosas,https://www.instagram.com/p/DYIQ2WtDEH0/,😍❤️❤️,joy_dzik,0.0
officialosas,https://www.instagram.com/p/DYIQ2WtDEH0/,Stunning ❤️💎🔥,princessdanita1995,0.0
officialosas,https://www.instagram.com/p/DYIQ2WtDEH0/,Stunning 🔥❤️❤️,iamteemah___,0.0
officialosas,https://www.instagram.com/p/DYIQ2WtDEH0/,😍😍😍😍,orezior2kay,0.0
officialosas,https://www.instagram.com/p/DYIQ2WtDEH0/,❤️❤️❤️,stellinaulumma,0.0
officialosas,https://www.instagram.com/p/DYIQ2WtDEH0/,This is breathtakingly gorgeous 🔥🔥🔥🔥,reign_joii,0.0
officialosas,https://www.instagram.com/p/DYIQ2WtDEH0/,Person just fine any how❤️❤️,pattie_9010,0.0
officialosas,https://www.instagram.com/p/DYIQ2WtDEH0/,Pure masterpiece,casualsbykhos,0.0
its.assembly,https://www.instagram.com/p/DQ9iUUqiIFi/,🔥🔥🔥,kestlavie,1.0
ftcnewyork,https://www.instagram.com/p/DN8zjjFgQN9/,Waf❤️❤️,innocent_ndibe,0.0
ftcnewyork,https://www.instagram.com/p/DN8zjjFgQN9/,@asaunders thank you! 🩷,asaunders,1.0
ftcnewyork,https://www.instagram.com/p/DN8zjjFgQN9/,These are dope shots cuz 🔥,asaunders,1.0
ftcnewyork,https://www.instagram.com/p/DN8zjjFgQN9/,Hard🔥,enny.cares,0.0
ftcnewyork,https://www.instagram.com/p/DN8zjjFgQN9/,📿,izakwh1te,1.0
ftcnewyork,https://www.instagram.com/p/DN8zjjFgQN9/,👏,kvl.connect,1.0
ftcnewyork,https://www.instagram.com/p/DN8zjjFgQN9/,💚🙌💚,hollazack,1.0
ftcnewyork,https://www.instagram.com/p/DN8zjjFgQN9/,🔥,dgkmikey._,0.0
ftcnewyork,https://www.instagram.com/p/DN8zjjFgQN9/,Best grab in the biz @izakwh1te,destroy_and_destroy_skate,1.0
ftcnewyork,https://www.instagram.com/p/DN8zjjFgQN9/,Let’s go 🔥🇳🇬,sk8bdhomi,0.0
ftcnewyork,https://www.instagram.com/p/DN8zjjFgQN9/,@asaunders thank you! 🩷,colegiordano,1.0
adeola.fadola,https://www.instagram.com/p/DPQ8ZlBjDfh/,na muyiwa awoniyi dey do this voiceover now😂,3kulture,0.0
adeola.fadola,https://www.instagram.com/p/DPQ8ZlBjDfh/,🔥🔥🔥,v8visual,0.0
adeola.fadola,https://www.instagram.com/p/DPQ8ZlBjDfh/,Loved,percywoode,0.0
adeola.fadola,https://www.instagram.com/p/DPQ8ZlBjDfh/,Sound 📢,untamedboy,0.0
adeola.fadola,https://www.instagram.com/p/DPQ8ZlBjDfh/,"I've written my debut YA novel, 'Sometime in May', and if I could shoot it as a movie, I'd shoot it like this. It's a story where the restless heart of Lagos, two seventeen-year-olds: one local, one foreign; forge an unlikely bond while navigating grief, love, and the fragile hope of starting over. But when secrets threaten to shatter their connection, they must decide if home is a place…or a person. 💌",planete.elevene,1.0
adeola.fadola,https://www.instagram.com/p/DPQ8ZlBjDfh/,That's insane 👏,_camper._,0.0
adeola.fadola,https://www.instagram.com/p/DPQ8ZlBjDfh/,Wow!!,chiemerie_host,0.0
adeola.fadola,https://www.instagram.com/p/DPQ8ZlBjDfh/,Thank you for this. Evoked so many emotions. Made me miss family and old friends.,kay_twenty6,0.0
adeola.fadola,https://www.instagram.com/p/DPQ8ZlBjDfh/,❤️,fayaz_._,0.0
adeola.fadola,https://www.instagram.com/p/DPQ8ZlBjDfh/,"What a piece of art, man.🙏💨",ifeanyimecha,0.0
veekeejames_official,https://www.instagram.com/p/DVwSCNMCVdp/,Too perfect,maiv_lens,0.0
veekeejames_official,https://www.instagram.com/p/DVwSCNMCVdp/,😍😍😍😍😍,cagney_setima,0.0
veekeejames_official,https://www.instagram.com/p/DVwSCNMCVdp/,Exquisite ❤️🙌🔥❤️Absolute genius ❤️❤️❤️❤️,madame_picasso,0.0
veekeejames_official,https://www.instagram.com/p/DVwSCNMCVdp/,Haaaa🔥🔥🔥🔥,nagbeje,0.0
veekeejames_official,https://www.instagram.com/p/DVwSCNMCVdp/,Design Goddess,amaka.nzekwe98,0.0
veekeejames_official,https://www.instagram.com/p/DVwSCNMCVdp/,Hatarii,alphoncenerlimbweni,0.0
veekeejames_official,https://www.instagram.com/p/DVwSCNMCVdp/,Wow.❤,ch_arity5412,0.0
veekeejames_official,https://www.instagram.com/p/DVwSCNMCVdp/,This is called perfection ❤️❤️❤️❤️❤️❤️,queen_t_sbg,0.0
veekeejames_official,https://www.instagram.com/p/DVwSCNMCVdp/,Beautiful,sag.queen,0.0
veekeejames_official,https://www.instagram.com/p/DVwSCNMCVdp/,🔥🔥🔥🔥🔥,sliceofsaff,0.0
wflsncrm,https://www.instagram.com/p/DPRNG5fDONV/,"What about the first picture? Is it really in Nigeria? I have never seen that ""Karkabou"" percussion instrument in nigeria! It's a North African instrument no?",sadekfilms,0.0
wflsncrm,https://www.instagram.com/p/DPRNG5fDONV/,Sweet collection,moscozmos,0.0
wflsncrm,https://www.instagram.com/p/DPRNG5fDONV/,Lesss gooooooo,edsonbarbapapa,0.0
wflsncrm,https://www.instagram.com/p/DPRNG5fDONV/,😍😍😍,sechabakers,0.0
wflsncrm,https://www.instagram.com/p/DPRNG5fDONV/,❤️ me sum 9ja,0lwrwl,1.0
wflsncrm,https://www.instagram.com/p/DPRNG5fDONV/,😍,hollazack,1.0
wflsncrm,https://www.instagram.com/p/DPRNG5fDONV/,God bless the Federal Republic of Nigeria 🇳🇬 🙏🏿,rara__ade,1.0
veekeejames_official,https://www.instagram.com/p/DR7Dd6biI11/,😍😍😍,boamah9856,0.0
veekeejames_official,https://www.instagram.com/p/DR7Dd6biI11/,Beautiful ❣️🙏🙏🙏,prisca.emeka,0.0
veekeejames_official,https://www.instagram.com/p/DR7Dd6biI11/,Lovely 🥰 🔥🔥🔥,zateemeeofficialng,0.0
veekeejames_official,https://www.instagram.com/p/DR7Dd6biI11/,@wendie__cartas 😂😂😂 hiii inapatikana shoooo kwa gharama yoyote😂,wendie__cartas,3.0
veekeejames_official,https://www.instagram.com/p/DR7Dd6biI11/,@cuttiemaggy ukishakuwa mke wa ODOGWU lazima ifike🔥🔥🔥🔥🔥,wendie__cartas,3.0
veekeejames_official,https://www.instagram.com/p/DR7Dd6biI11/,@cuttiemaggy nikikosa Kule itabid bae alipandishe ndege kutoka huku kwa ndugu zake🔥🔥🔥🔥🔥,wendie__cartas,3.0
veekeejames_official,https://www.instagram.com/p/DR7Dd6biI11/,GORGEOUS 😍😍,bsb_asooke,0.0
veekeejames_official,https://www.instagram.com/p/DR7Dd6biI11/,This is pure perfection 😍😍😍,simsoncharlotte,0.0
veekeejames_official,https://www.instagram.com/p/DUqWll0kY1Z/,When are you coming back to Maryland 😢😢😢😢,hair_travel_vibes,0.0
veekeejames_official,https://www.instagram.com/p/DUqWll0kY1Z/,How do I book,silodilian,0.0
veekeejames_official,https://www.instagram.com/p/DUqWll0kY1Z/,🔥🔥,sanvilles_treats_and_surprises,0.0
veekeejames_official,https://www.instagram.com/p/DUqWll0kY1Z/,you bought your followers on buysocialmediagrowth.com? ratio still looking decent,swiftt_._subham_._90,0.0
veekeejames_official,https://www.instagram.com/p/DUqWll0kY1Z/,you bought your followers on buysocialmediagrowth.com? ratio still looking decent,sachingondkar370,0.0
veekeejames_official,https://www.instagram.com/p/DUqWll0kY1Z/,😍😍😍😍,princesslizzy6506,0.0
veekeejames_official,https://www.instagram.com/p/DUqWll0kY1Z/,❤️❤️❤️❤️,eme.ldah13,0.0
veekeejames_official,https://www.instagram.com/p/DUqWll0kY1Z/,Mama on 🔥🔥🔥😍🥰,obedientworld,0.0
veekeejames_official,https://www.instagram.com/p/DUqWll0kY1Z/,😍😍😍,moyin_iyiola,0.0
veekeejames_official,https://www.instagram.com/p/DTDxDdAjSX1/,Lovely,shadesofafrica,0.0
veekeejames_official,https://www.instagram.com/p/DTDxDdAjSX1/,Na everyday I dey change wedding gown. This is breathtaking 🤣🤣🤣,irene_njaba,0.0
veekeejames_official,https://www.instagram.com/p/DTDxDdAjSX1/,This is perfect 🔥,n.m.q_official,0.0
veekeejames_official,https://www.instagram.com/p/DTDxDdAjSX1/,So beautiful 😍😍,kpelouessohanam,0.0
veekeejames_official,https://www.instagram.com/p/DTDxDdAjSX1/,👏👏✔️,revkintumicheal,0.0
veekeejames_official,https://www.instagram.com/p/DTDxDdAjSX1/,😍🙌❤️,tees.with.steeze,0.0
veekeejames_official,https://www.instagram.com/p/DTDxDdAjSX1/,1,emeluv25,0.0
veekeejames_official,https://www.instagram.com/p/DTDxDdAjSX1/,"I speak into reality with faith, I will wear a beautiful dress from VJ",temmiedara1,1.0
veekeejames_official,https://www.instagram.com/p/DTDxDdAjSX1/,Woooowwww!!!,nay_its_me_nay,1.0
veekeejames_official,https://www.instagram.com/p/DTDxDdAjSX1/,😍😍,misskiaa.x,0.0
wflsncrm,https://www.instagram.com/p/DNsfkFpWkug/,😍,kaygeezeee,0.0
wflsncrm,https://www.instagram.com/p/DNsfkFpWkug/,Location?,yallmeetking,0.0
wflsncrm,https://www.instagram.com/p/DNsfkFpWkug/,@pq_upholstery look again.,pq_upholstery,0.0
wflsncrm,https://www.instagram.com/p/DNsfkFpWkug/,@dof_deejeweler lol where??? I must be blind,pq_upholstery,0.0
wflsncrm,https://www.instagram.com/p/DNsfkFpWkug/,@pq_upholstery check again.,pq_upholstery,0.0
wflsncrm,https://www.instagram.com/p/DNsfkFpWkug/,Are you sure…I don’t see skaters,pq_upholstery,0.0
wflsncrm,https://www.instagram.com/p/DNsfkFpWkug/,Congratulations WAF for bringing to life these dreams. ❤️,draxxtik,0.0
wflsncrm,https://www.instagram.com/p/DNsfkFpWkug/,This brings tears to my eyes,vintage.duck,2.0
wflsncrm,https://www.instagram.com/p/DNsfkFpWkug/,😍😍😍😍😍,dera__lota,0.0
wflsncrm,https://www.instagram.com/p/DNsfkFpWkug/,The holy grail 🥶,veliantte,0.0
wflsncrm,https://www.instagram.com/p/DUoBxxcjQ0-/,3y3 realllllllll😂,michael.nicholss,0.0
wflsncrm,https://www.instagram.com/p/DUoBxxcjQ0-/,I am from Ebonyi state too 😌🥹,chimamakaimmaculate,2.0
wflsncrm,https://www.instagram.com/p/DUoBxxcjQ0-/,Preach Mr G🔥,rebirth234.creative,0.0
wflsncrm,https://www.instagram.com/p/DUoBxxcjQ0-/,😭😭😂bye unc✌️,010lade,0.0
wflsncrm,https://www.instagram.com/p/DUoBxxcjQ0-/,😭🔥🔥Let’s go G,ifeellikeverdcho,0.0
wflsncrm,https://www.instagram.com/p/DUoBxxcjQ0-/,mr G just like me 😂..no cheating,wdykbmaasif,0.0
wflsncrm,https://www.instagram.com/p/DUoBxxcjQ0-/,😂😂😂😂,wdykbmaasif,0.0
wflsncrm,https://www.instagram.com/p/DUoBxxcjQ0-/,"im a lover and a fighter, depends on how you treat me. too real my egbon!",remiidavid,0.0
wflsncrm,https://www.instagram.com/p/DUoBxxcjQ0-/,Mista Gabriel,__statue,0.0
wflsncrm,https://www.instagram.com/p/DUoBxxcjQ0-/,MR GABRIELLLL🔥🔥🔥,michaeel.ng,1.0
veekeejames_official,https://www.instagram.com/p/DR7jr0NiIZM/,🔥,72iambee,0.0
veekeejames_official,https://www.instagram.com/p/DR7jr0NiIZM/,Hi,portiabempong,0.0
veekeejames_official,https://www.instagram.com/p/DR7jr0NiIZM/,🔥🔥🔥🔥,beenoshcateringservices,0.0
veekeejames_official,https://www.instagram.com/p/DR7jr0NiIZM/,🐐🐐🐐🐐🐐🏆🥇🥇🥇🎖️,chioma_nwaa,0.0
veekeejames_official,https://www.instagram.com/p/DR7jr0NiIZM/,🔥🔥🔥🔥,gab_by_dumi,0.0
veekeejames_official,https://www.instagram.com/p/DR7jr0NiIZM/,Beautiful,eliz_wears,0.0
veekeejames_official,https://www.instagram.com/p/DR7jr0NiIZM/,Check your inbox,queen_zariyah2019,0.0
veekeejames_official,https://www.instagram.com/p/DR7jr0NiIZM/,❤️,its_her520,0.0
veekeejames_official,https://www.instagram.com/p/DR7jr0NiIZM/,❤️❤️❤️❤️❤️❤️❤️,ewatomie_01,0.0
veekeejames_official,https://www.instagram.com/p/DR7jr0NiIZM/,I'll be a VJ bride😍,ewura.amaaa,0.0
veekeejames_official,https://www.instagram.com/p/DYIf9jYJmJO/,🔥🔥🔥🔥,mary_eberiku,0.0
veekeejames_official,https://www.instagram.com/p/DYIf9jYJmJO/,Jesus I know Veekee will make one of my dresses one day 😩,kumba.7,0.0
veekeejames_official,https://www.instagram.com/p/DYIf9jYJmJO/,"Veekee, who are you ehhhhh ??????😩😩😩😩",the_so.so,0.0
veekeejames_official,https://www.instagram.com/p/DYIf9jYJmJO/,Veekee OMG!🔥🔥🔥😍😩😍😍,ojooluwasolalia,0.0
veekeejames_official,https://www.instagram.com/p/DYIf9jYJmJO/,🔥🔥🔥🔥🔥🔥🔥,mandmbridalsshop,0.0
veekeejames_official,https://www.instagram.com/p/DYIf9jYJmJO/,😍😍😍😍,gloky978,0.0
veekeejames_official,https://www.instagram.com/p/DYIf9jYJmJO/,❤️🔥,blessing.irimiya.94,0.0
veekeejames_official,https://www.instagram.com/p/DYIf9jYJmJO/,👏👏👏,suzzie______,0.0
veekeejames_official,https://www.instagram.com/p/DYIf9jYJmJO/,❤️,aisedomcakes,0.0
veekeejames_official,https://www.instagram.com/p/DYIf9jYJmJO/,@_pd.cakesandchops I’m sat 😍😩👏🔥🔥🔥 like whaaaaatttttt 🫢,promisegeorge_official,0.0
ashluxe,https://www.instagram.com/p/DWEoXWmks2s/,🇳🇬🇳🇬🇳🇬,ache_activewear,0.0
ashluxe,https://www.instagram.com/p/DWEoXWmks2s/,This is gorgeous !!❤️,_lu_pat,0.0
ashluxe,https://www.instagram.com/p/DWEoXWmks2s/,"I just saw this jersey on someone, sick piece 🔥",soul.expresss,1.0
ashluxe,https://www.instagram.com/p/DWEoXWmks2s/,❤️,thefashionblackboy,0.0
ashluxe,https://www.instagram.com/p/DWEoXWmks2s/,"Beautiful! Manifesting modeling for Ashluxe next campaign.
Checkout my page🤞🏽",victorwabara_,0.0
ashluxe,https://www.instagram.com/p/DWEoXWmks2s/,"Naija colors, Brazil skills Ashluxe touch!!",lanrescorner,0.0
ashluxe,https://www.instagram.com/p/DWEoXWmks2s/,🇳🇬🇳🇬🇳🇬🔥🔥🔥,yinkaash,2.0
ashluxe,https://www.instagram.com/p/DWEoXWmks2s/,🔥🔥🔥,worldref_vii,0.0
zivalagos,https://www.instagram.com/p/DX9TL7Bs3Sy/,😍😍😍,thegardenersdota,1.0
zivalagos,https://www.instagram.com/p/DX9TL7Bs3Sy/,😍😍😍,thegardenersdota,1.0
zivalagos,https://www.instagram.com/p/DX9TL7Bs3Sy/,😍,aidonojie,1.0
zivalagos,https://www.instagram.com/p/DX9TL7Bs3Sy/,Ate 🔥🥰,blessing_yahweh_,1.0
zivalagos,https://www.instagram.com/p/DX9TL7Bs3Sy/,Wonderful 🤗🌺🔥 a total stunner! I really like this dress,fashioncontentinterest,1.0
veekeejames_official,https://www.instagram.com/p/C61gBppOnsA/,🔥🔥🔥,myrubiees_events,1.0
veekeejames_official,https://www.instagram.com/p/C61gBppOnsA/,"@veekeejames_official I speak it into existence,your designer will step into the Met Gala 2027 stage in glory 🙏🏽✨
Amen! Amen! Amen",naanaewurama,13.0
veekeejames_official,https://www.instagram.com/p/C61gBppOnsA/,❤️‍🔥❤️‍🔥❤️‍🔥❤️‍🔥❤️‍🔥,angelfavour264,0.0
veekeejames_official,https://www.instagram.com/p/C61gBppOnsA/,How much is it,khonkhosi_lelihleh,0.0
veekeejames_official,https://www.instagram.com/p/C61gBppOnsA/,🔥🔥🔥🔥🔥🔥🔥🔥,swanky_life,0.0
veekeejames_official,https://www.instagram.com/p/C61gBppOnsA/,The color combination 🖤🖤🖤 and the lines just connects from top to down ✨👌,akindayocouture,0.0
veekeejames_official,https://www.instagram.com/p/C61gBppOnsA/,😍😍😍😍😍,firstlady_nj,0.0
veekeejames_official,https://www.instagram.com/p/C61gBppOnsA/,"@jekalyncarr Check out this page, sis!",dotk_90,0.0
veekeejames_official,https://www.instagram.com/p/C61gBppOnsA/,I need your contact,angel_igwebuike,0.0
veekeejames_official,https://www.instagram.com/p/C61gBppOnsA/,🔥🔥🔥🔥,olumayowafeyisikemi,0.0
ashluxe,https://www.instagram.com/p/DXuLT1hu_LP/,😍👏,only_tomison,0.0
ashluxe,https://www.instagram.com/p/DXuLT1hu_LP/,Beautiful 😍🔥,we.jullians,0.0
ashluxe,https://www.instagram.com/p/DXuLT1hu_LP/,🔥🔥🔥👏,cocobybella,0.0
ashluxe,https://www.instagram.com/p/DXuLT1hu_LP/,10🔥🔥,manychoice2026,0.0
ashluxe,https://www.instagram.com/p/DXuLT1hu_LP/,10/10🔥,queendarerah,1.0
ashluxe,https://www.instagram.com/p/DXuLT1hu_LP/,This team 🙌❤️,tatyanalevana,0.0
ashluxe,https://www.instagram.com/p/DXuLT1hu_LP/,👏👏👏👏,juliusadekunle_,0.0
ashluxe,https://www.instagram.com/p/DXuLT1hu_LP/,👏,tipsypixures,0.0
ashluxe,https://www.instagram.com/p/DXuLT1hu_LP/,🔥🔥🔥,oyeyemicita,0.0
ashluxe,https://www.instagram.com/p/DXuLT1hu_LP/,🔥,traceydee__,1.0
veekeejames_official,https://www.instagram.com/p/DYKgiActfDM/,"Ahora sale por ahí un diseñador, robándose la idea  Ya podría imaginar de donde y  diciendo que es su creación de😂",gloriaboneth,0.0
veekeejames_official,https://www.instagram.com/p/DYKgiActfDM/,Wow sin palabras  hermosa ella y hermoso el vestido espectacular que maravilla 😍😍😍😍😍❤️❤️❤️❤️esto es creatividad arte talento no esas ridiculeces que  ve uno hoy en día en  alguna pasarela 🙌🙌🙌🙌🫶🏽🫶🏽👏🏽👏🏽👏🏽👏🏽❤️❤️❤️❤️❤️❤️❤️,gloriaboneth,0.0
veekeejames_official,https://www.instagram.com/p/DYKgiActfDM/,Wow❤️,ladze,0.0
veekeejames_official,https://www.instagram.com/p/DYKgiActfDM/,wow creative 😍,lesegotau_ot,0.0
veekeejames_official,https://www.instagram.com/p/DYKgiActfDM/,Brilliant 🔥,fanounou_8,0.0
veekeejames_official,https://www.instagram.com/p/DYKgiActfDM/,🔥🔥🔥❤️,reejoyce54,0.0
veekeejames_official,https://www.instagram.com/p/DYKgiActfDM/,🔥🔥👏👏👏👏,whyteestitches,0.0
veekeejames_official,https://www.instagram.com/p/DYKgiActfDM/,You ate it and left no crumbs ❤️❤️🔥🔥🔥🔥🔥🔥,datovahair,0.0
veekeejames_official,https://www.instagram.com/p/DYKgiActfDM/,Wow that’s some work,wheetz56,0.0
veekeejames_official,https://www.instagram.com/p/DTD414-jUEH/,Omg this dress is breathtaking 🥰,shakeanichole,0.0
veekeejames_official,https://www.instagram.com/p/DTD414-jUEH/,Sublime,maiv_lens,0.0
veekeejames_official,https://www.instagram.com/p/DTD414-jUEH/,❤️❤️,officialveekysglam,0.0
veekeejames_official,https://www.instagram.com/p/DTD414-jUEH/,This is so beautiful 😍❤️,oyinkingrace,0.0
veekeejames_official,https://www.instagram.com/p/DTD414-jUEH/,This absolutely beautiful,the_fabulous_biashara,0.0
veekeejames_official,https://www.instagram.com/p/DTD414-jUEH/,❤️❤️❤️,maritu_kamara_,0.0
veekeejames_official,https://www.instagram.com/p/DTD414-jUEH/,WOW this dress😍😍😍,belletaraa,0.0
veekeejames_official,https://www.instagram.com/p/DTD414-jUEH/,😍😍😍😍,okotelha_01,0.0
veekeejames_official,https://www.instagram.com/p/DTD414-jUEH/,Beautiful et elegant💐Am wearing this soon🙏✨,nickilov._,0.0
veekeejames_official,https://www.instagram.com/p/DTD414-jUEH/,Priceless!🔥🤍🔥,feliciafrempong.gh,0.0
veekeejames_official,https://www.instagram.com/p/C61Vd8Oo_XB/,Met gala theme should either be Veekee James or Africa magic,leashplenty,0.0
veekeejames_official,https://www.instagram.com/p/C61Vd8Oo_XB/,Only one Veekee James🙌🔥,sleeknaturalleskincare.ng,0.0
veekeejames_official,https://www.instagram.com/p/C61Vd8Oo_XB/,🔥🔥,tiwars_signature,0.0
veekeejames_official,https://www.instagram.com/p/C61Vd8Oo_XB/,Amazing outfit,styledbyaden,1.0
veekeejames_official,https://www.instagram.com/p/C61Vd8Oo_XB/,Beyond this world,jozeest,1.0
veekeejames_official,https://www.instagram.com/p/C61Vd8Oo_XB/,How much is to ship a big dress to San Diego California USA?.dm me,maya.y2k.angel,0.0
veekeejames_official,https://www.instagram.com/p/C61Vd8Oo_XB/,👏👏👏 Work of creativity,globaefashion_wd,3.0
veekeejames_official,https://www.instagram.com/p/C61Vd8Oo_XB/,"I want to definitely be an amazing designer like you, 🙏🏼 I get inspired every single day, much love from 🇹🇿 Tanzania",asteria_grandeur_ready_to_wear,5.0
veekeejames_official,https://www.instagram.com/p/C61Vd8Oo_XB/,😍😍😍,firstlady_nj,1.0
veekeejames_official,https://www.instagram.com/p/C61Vd8Oo_XB/,Your hands are blessed Veekee,uti_jesusbabygirl,6.0
pithafrica,https://www.instagram.com/p/DPi5nwvCBL1/,@_laboomz 🔥🔥🔥🔥 edit as usual,yu_kthegreat,1.0
pithafrica,https://www.instagram.com/p/DPi5nwvCBL1/,@_laboomz,yu_kthegreat,1.0
pithafrica,https://www.instagram.com/p/DPi5nwvCBL1/,🔥🔥🔥🔥❤️,oceandion,0.0
pithafrica,https://www.instagram.com/p/DPi5nwvCBL1/,🔥🔥🔥,rector_rzl,0.0
pithafrica,https://www.instagram.com/p/DPi5nwvCBL1/,🔥🔥🔥,artbychibu,0.0
pithafrica,https://www.instagram.com/p/DPi5nwvCBL1/,🙌 we pull up👏,walistic_2017,0.0
pithafrica,https://www.instagram.com/p/DPi5nwvCBL1/,🔥🔥🔥🔥,osi.one,0.0
pithafrica,https://www.instagram.com/p/DPi5nwvCBL1/,Dzaam this be Iconic af❤️❤️,stylarjam_hope,1.0
pithafrica,https://www.instagram.com/p/DPi5nwvCBL1/,🔥🔥🔥,uduak_,0.0
pithafrica,https://www.instagram.com/p/DPi5nwvCBL1/,Art🤍,iamshayhun,0.0
veekeejames_official,https://www.instagram.com/p/DR2gdOADXui/,Heavenly ❤️❤️❤️❤️,gentlemanuche,0.0
veekeejames_official,https://www.instagram.com/p/DR2gdOADXui/,STUNNING,cierrab_magic,0.0
veekeejames_official,https://www.instagram.com/p/DR2gdOADXui/,🥹💜😍,starr.gxrll,0.0
veekeejames_official,https://www.instagram.com/p/DR2gdOADXui/,🙌🙌🙌🙌,tthee_nuu_,0.0
veekeejames_official,https://www.instagram.com/p/DR2gdOADXui/,❤️,zarahaliyu80,0.0
veekeejames_official,https://www.instagram.com/p/DR2gdOADXui/,😍😍😍😍😍😍,happiness_umo_umo,0.0
veekeejames_official,https://www.instagram.com/p/DR2gdOADXui/,This is next level premium job🔥,junior_veekee_james,0.0
veekeejames_official,https://www.instagram.com/p/DR2gdOADXui/,So beautiful goodness 😍,_ruona___,0.0
veekeejames_official,https://www.instagram.com/p/DR2gdOADXui/,🔥 🔥,light__glam,0.0
veekeejames_official,https://www.instagram.com/p/DR2gdOADXui/,This is a great masterpiece 💯❤️,symply_soma_,1.0
veekeejames_official,https://www.instagram.com/p/DSxlzHRjYUJ/,"This gal can create, we need this pieces in future. The museum  for this dresses pleass we want our kids to one day to visit this museum  please , Instagram  isn't  enough  please 🙌🙌",suriah91,0.0
veekeejames_official,https://www.instagram.com/p/DSxlzHRjYUJ/,🔥🔥🔥🔥,chaneltheestylist,0.0
veekeejames_official,https://www.instagram.com/p/DSxlzHRjYUJ/,🔥🔥🔥,cocobbean1414,0.0
veekeejames_official,https://www.instagram.com/p/DSxlzHRjYUJ/,If anyone knows. How much can this be so i start saving,mrscutie_2002,0.0
veekeejames_official,https://www.instagram.com/p/DSxlzHRjYUJ/,Veekee you are totally blessed!! The skill and time you put into your work is admirable!! Keep doing what you do!! May you and your team be inspired and uplift the Industry! ❤️From your birthday Mate and colleague Designer from Sierra Leone!! LOve your designs!!!👌🎉💃🏾,jenmason11,0.0
veekeejames_official,https://www.instagram.com/p/DSxlzHRjYUJ/,🔥🔥🔥😍👏,mzz_perfecta,0.0
veekeejames_official,https://www.instagram.com/p/DSxlzHRjYUJ/,😍😍😍😍,bambam_butterfly,0.0
veekeejames_official,https://www.instagram.com/p/DSxlzHRjYUJ/,I legit shouted Jesus😱😍BEAUTIFUL,rita_ifunanyaa,0.0
veekeejames_official,https://www.instagram.com/p/DSxlzHRjYUJ/,Jessssssus peeeeeessss 🙌,yaniquethomas,0.0
veekeejames_official,https://www.instagram.com/p/DSxlzHRjYUJ/,👏👏👏veekee ur too good abeg 💯,estytomzy,0.0
veekeejames_official,https://www.instagram.com/p/C2FbMykI-Ud/,🔥,_o.l.u.y.e.m.i.s.i,0.0
veekeejames_official,https://www.instagram.com/p/C2FbMykI-Ud/,Absolutely gorgeous! 😍😍😍😍,favoredfoods_bytft,0.0
veekeejames_official,https://www.instagram.com/p/C2FbMykI-Ud/,❤️,temi_ero,0.0
veekeejames_official,https://www.instagram.com/p/C2FbMykI-Ud/,Deeeeemmm,zarash_menu,0.0
veekeejames_official,https://www.instagram.com/p/C2FbMykI-Ud/,Nice,emeraldstitchesbyjane,0.0
veekeejames_official,https://www.instagram.com/p/C2FbMykI-Ud/,🔥🔥🔥🔥🔥🔥,georjina_sango,1.0
veekeejames_official,https://www.instagram.com/p/C2FbMykI-Ud/,Amazingly stunning 🔥🔥🔥🔥,kammys_perfect_bedding,1.0
veekeejames_official,https://www.instagram.com/p/C2FbMykI-Ud/,You need to do my weeding grown father lord from my mouth to you i love you @veekeejames_official ❤️❤️❤️❤️❤️❤️,prettyamaya128,3.0
veekeejames_official,https://www.instagram.com/p/C2FbMykI-Ud/,🔥🔥🔥🔥🔥,rtwby_temmy,1.0
veekeejames_official,https://www.instagram.com/p/C2FbMykI-Ud/,🥹😢😢,real_aweni,0.0
officialosas,https://www.instagram.com/p/DYH8UTGstWM/,❤️❤️❤️❤️❤️❤️❤️🙌🙌,gloriaboneth,0.0
officialosas,https://www.instagram.com/p/DYH8UTGstWM/,Ate and left no crumbs 👏🏾,dedoyin_b,0.0
officialosas,https://www.instagram.com/p/DYH8UTGstWM/,❤️❤️,berangerluxury,0.0
officialosas,https://www.instagram.com/p/DYH8UTGstWM/,😩 if only 😍,ima_b_mi,0.0
officialosas,https://www.instagram.com/p/DYH8UTGstWM/,😍😍😍😍,themissy_frosh,0.0
officialosas,https://www.instagram.com/p/DYH8UTGstWM/,Omg this so stunning 😍 🔥🔥🔥🔥👏,daisyafonso,0.0
officialosas,https://www.instagram.com/p/DYH8UTGstWM/,🔥🔥🔥🙌,lord_0f_demons,0.0
officialosas,https://www.instagram.com/p/DYH8UTGstWM/,Sooo beautiful😍😍,aisosaa_a,0.0
officialosas,https://www.instagram.com/p/DYH8UTGstWM/,😍😍🔥,christiankalu_,0.0
officialosas,https://www.instagram.com/p/DYH8UTGstWM/,QUEEN 🔥🔥🔥,_judex_avier,0.0
